{
  "id": "2699225",
  "name": "整合",
  "font_family": "iconfont",
  "css_prefix_text": "icon-",
  "description": "",
  "glyphs": [
    {
      "icon_id": "1294651",
      "name": "地球",
      "font_class": "diqiu",
      "unicode": "e62a",
      "unicode_decimal": 58922
    },
    {
      "icon_id": "3232566",
      "name": "042秒表",
      "font_class": "miaobiao",
      "unicode": "e644",
      "unicode_decimal": 58948
    },
    {
      "icon_id": "18229625",
      "name": "闹钟",
      "font_class": "naozhong",
      "unicode": "e64d",
      "unicode_decimal": 58957
    },
    {
      "icon_id": "22861724",
      "name": "时间,计时器,秒表",
      "font_class": "a-ziyuan62",
      "unicode": "e6f5",
      "unicode_decimal": 59125
    },
    {
      "icon_id": "2380679",
      "name": "消息",
      "font_class": "xiaoxi",
      "unicode": "e620",
      "unicode_decimal": 58912
    },
    {
      "icon_id": "4166171",
      "name": "公交",
      "font_class": "gongjiao",
      "unicode": "e621",
      "unicode_decimal": 58913
    },
    {
      "icon_id": "4186786",
      "name": "语音",
      "font_class": "yuyin",
      "unicode": "e637",
      "unicode_decimal": 58935
    },
    {
      "icon_id": "8351845",
      "name": "扫一扫",
      "font_class": "saoyisao",
      "unicode": "e6a5",
      "unicode_decimal": 59045
    },
    {
      "icon_id": "9251680",
      "name": "17-熊猫",
      "font_class": "-xiongmao",
      "unicode": "e612",
      "unicode_decimal": 58898
    },
    {
      "icon_id": "9974761",
      "name": "加",
      "font_class": "jia",
      "unicode": "e711",
      "unicode_decimal": 59153
    },
    {
      "icon_id": "12515458",
      "name": "下箭头",
      "font_class": "xiajiantou",
      "unicode": "e60c",
      "unicode_decimal": 58892
    },
    {
      "icon_id": "15112778",
      "name": "付款码",
      "font_class": "fukuanma",
      "unicode": "e614",
      "unicode_decimal": 58900
    },
    {
      "icon_id": "16322916",
      "name": "自行车",
      "font_class": "zihangche1",
      "unicode": "e700",
      "unicode_decimal": 59136
    },
    {
      "icon_id": "18166589",
      "name": "美团外卖",
      "font_class": "meituan",
      "unicode": "e8c9",
      "unicode_decimal": 59593
    },
    {
      "icon_id": "551537",
      "name": "定位",
      "font_class": "location",
      "unicode": "e61f",
      "unicode_decimal": 58911
    },
    {
      "icon_id": "949558",
      "name": "购物车",
      "font_class": "gouwuche",
      "unicode": "e656",
      "unicode_decimal": 58966
    },
    {
      "icon_id": "1191707",
      "name": "正品保障2",
      "font_class": "zhengpinbaozhang2",
      "unicode": "e722",
      "unicode_decimal": 59170
    },
    {
      "icon_id": "7550273",
      "name": "我的",
      "font_class": "wode1",
      "unicode": "e69a",
      "unicode_decimal": 59034
    },
    {
      "icon_id": "7817216",
      "name": "分类",
      "font_class": "fenlei",
      "unicode": "e611",
      "unicode_decimal": 58897
    },
    {
      "icon_id": "8842685",
      "name": "铃铛",
      "font_class": "lingdang",
      "unicode": "e634",
      "unicode_decimal": 58932
    },
    {
      "icon_id": "11749539",
      "name": "耳机",
      "font_class": "erji",
      "unicode": "e6b6",
      "unicode_decimal": 59062
    },
    {
      "icon_id": "19954255",
      "name": "添加",
      "font_class": "tianjia",
      "unicode": "e629",
      "unicode_decimal": 58921
    },
    {
      "icon_id": "19977229",
      "name": "首页-选中",
      "font_class": "index",
      "unicode": "e60e",
      "unicode_decimal": 58894
    },
    {
      "icon_id": "22389060",
      "name": "货车-21",
      "font_class": "jiaotonggongju_jiaotonggongju-huoche-21",
      "unicode": "e680",
      "unicode_decimal": 59008
    },
    {
      "icon_id": "1440887",
      "name": "放大镜",
      "font_class": "fangdajing",
      "unicode": "e633",
      "unicode_decimal": 58931
    },
    {
      "icon_id": "11125224",
      "name": "分类",
      "font_class": "2",
      "unicode": "e61a",
      "unicode_decimal": 58906
    },
    {
      "icon_id": "11195064",
      "name": "自行车",
      "font_class": "zihangche",
      "unicode": "e663",
      "unicode_decimal": 58979
    },
    {
      "icon_id": "12473808",
      "name": "列表",
      "font_class": "liebiao",
      "unicode": "e61e",
      "unicode_decimal": 58910
    },
    {
      "icon_id": "15765362",
      "name": "我的",
      "font_class": "wode",
      "unicode": "e699",
      "unicode_decimal": 59033
    },
    {
      "icon_id": "19985212",
      "name": "首页-选中",
      "font_class": "index-copy",
      "unicode": "e622",
      "unicode_decimal": 58914
    }
  ]
}
